"Tweet Id","Media Id","Media URL","Tweet URL"
"""1162383977052872704""","""1162383906949255169""",https://video.twimg.com/ext_tw_video/1162383906949255169/pu/vid/720x406/_D9ukPrjNPbDb2kZ.mp4?tag=10,https://t.co/Yd5HY3Lxgi
"""1161113189268017153""","""1161113119294443521""",https://video.twimg.com/ext_tw_video/1161113119294443521/pu/vid/1280x720/Gjaayo87d97YR1__.mp4?tag=10,https://t.co/OGBCwEqtCp
"""1156117222965694464""","""1146363033834459137""",https://video.twimg.com/ext_tw_video/1146363033834459137/pu/pl/TQB3A-9fq2IuC0rq.m3u8?tag=10,https://t.co/fna2Cj387c
"""1155773948023529473""","""1146345996529668097""",https://video.twimg.com/ext_tw_video/1146345996529668097/pu/vid/720x720/SQ5WwDIstkkDQvAr.mp4?tag=10,https://t.co/162jcGHLnF
"""1154885344862642177""","""1146345996529668097""",https://video.twimg.com/ext_tw_video/1146345996529668097/pu/vid/720x720/SQ5WwDIstkkDQvAr.mp4?tag=10,https://t.co/162jcGHLnF
"""1154707938252140545""","""1146357052077412352""",https://video.twimg.com/ext_tw_video/1146357052077412352/pu/pl/p0woRwuz3-V35_vY.m3u8?tag=10,https://t.co/7bR5W9mbIE
"""1153683314135506945""","""1153683307848249344""",https://video.twimg.com/tweet_video/EAK02yOXsAAP9te.mp4,https://t.co/AKce6sbqze
"""1153629572841320449""","""1146345996529668097""",https://video.twimg.com/ext_tw_video/1146345996529668097/pu/vid/720x720/SQ5WwDIstkkDQvAr.mp4?tag=10,https://t.co/162jcGHLnF
"""1153601707227668480""","""1146345996529668097""",https://video.twimg.com/ext_tw_video/1146345996529668097/pu/vid/720x720/SQ5WwDIstkkDQvAr.mp4?tag=10,https://t.co/162jcGHLnF
"""1153596852346019840""","""1146345996529668097""",https://video.twimg.com/ext_tw_video/1146345996529668097/pu/vid/720x720/SQ5WwDIstkkDQvAr.mp4?tag=10,https://t.co/162jcGHLnF
"""1153589711581192192""","""1146345996529668097""",https://video.twimg.com/ext_tw_video/1146345996529668097/pu/vid/720x720/SQ5WwDIstkkDQvAr.mp4?tag=10,https://t.co/162jcGHLnF
"""1153578858429501441""","""1146345996529668097""",https://video.twimg.com/ext_tw_video/1146345996529668097/pu/vid/720x720/SQ5WwDIstkkDQvAr.mp4?tag=10,https://t.co/162jcGHLnF
"""1153575476255952896""","""1146345996529668097""",https://video.twimg.com/ext_tw_video/1146345996529668097/pu/vid/720x720/SQ5WwDIstkkDQvAr.mp4?tag=10,https://t.co/162jcGHLnF
"""1151824186517540864""","""1146338134310957056""",https://video.twimg.com/ext_tw_video/1146338134310957056/pu/vid/480x480/m5zTMOF35giSg2AM.mp4?tag=10,https://t.co/2PFnSkZmoO
"""1149663435048624128""","""1149663332401438720""",https://video.twimg.com/ext_tw_video/1149663332401438720/pu/pl/4OhhRDwDNJbql80N.m3u8?tag=10,https://t.co/z4gTncWlYL
"""1148522177383153665""","""1146331319456149504""",https://video.twimg.com/ext_tw_video/1146331319456149504/pu/vid/320x320/M2RKWYGsbCGFjHsd.mp4?tag=10,https://t.co/aHFR7dlFEn
"""1148114849936891904""","""1148114838490701824""",https://video.twimg.com/tweet_video/D-7sXNWX4AAFvxV.mp4,https://t.co/CKt0uVvrxM
"""1147086896243400705""","""1147083453122404352""",https://video.twimg.com/ext_tw_video/1147083453122404352/pu/vid/320x320/A1JISXwL6l5avpKw.mp4?tag=10,https://t.co/aZ7F3CE16C
