"Tweet Id","Media Id","Media URL","Tweet URL"
"""1167429261210218497""","""1162352717806866434""",https://pbs.twimg.com/media/ECGBo3CWkAIOzuV.jpg,https://t.co/fZNIXge9a3
"""1167237977615097861""","""1167228280438689794""",https://pbs.twimg.com/media/EDLT79NWkAI_a3n.jpg,https://t.co/g2YzMDUpVA
"""1167236897078480898""","""1167228280438689794""",https://pbs.twimg.com/media/EDLT79NWkAI_a3n.jpg,https://t.co/g2YzMDUpVA
"""1167228378191204353""","""1167228280438689794""",https://pbs.twimg.com/media/EDLT79NWkAI_a3n.jpg,https://t.co/g2YzMDUpVA
"""1167228285463531520""","""1167228280438689794""",https://pbs.twimg.com/media/EDLT79NWkAI_a3n.jpg,https://t.co/g2YzMDUpVA
"""1167061075075973123""","""1167061071162687489""",https://pbs.twimg.com/media/EDI73GHWwAEzKfn.jpg,https://t.co/Xl9zjr7kZ1
"""1166892836165496835""","""1166892829756596224""",https://pbs.twimg.com/media/EDGi2KCXoAAqBhc.jpg,https://t.co/QzY8wsq4DO
"""1166660764146503681""","""1166660759759314949""",https://pbs.twimg.com/media/EDDPx57XYAU4FFz.png,https://t.co/uM5e2Asd5K
"""1164858603024584704""","""1146073771532587008""",https://pbs.twimg.com/media/D-esBeaXkAAowWr.jpg,https://t.co/uVFDXEsFux
"""1164533177957961728""","""1164533170836037632""",https://pbs.twimg.com/media/EClAv7jXYAAf22F.jpg,https://t.co/3502L3fwGF
"""1164472787286790144""","""1164472785852346368""",https://pbs.twimg.com/media/ECkJ1D9WsAAR0g2.jpg,https://t.co/jgfaIaHRaK
"""1164447111049437184""","""1162342559638851586""",https://pbs.twimg.com/media/ECF4Zk6XkAI_gmq.jpg,https://t.co/PmoXZ9RoJv
"""1163828267910160385""","""1163828266450464768""",https://pbs.twimg.com/media/ECa_pGFWsAAkJdi.jpg,https://t.co/b84xAebukf
"""1163415290119696384""","""1163415286890057728""",https://pbs.twimg.com/media/ECVIChVXUAAVUNl.jpg,https://t.co/m2Jl9eWmyn
"""1163367497946583041""","""1162334182162522116""",https://pbs.twimg.com/media/ECFwx8YXYAQOevo.jpg,https://t.co/Q2WtY3h1oA
"""1159479555691831296""","""1159479554152570880""",https://pbs.twimg.com/media/EBdMguWXoAAFIDc.jpg,https://t.co/Nv7uE7r0Ai
"""1158754704186400773""","""1158754702785425408""",https://pbs.twimg.com/media/EBS5Q0lWsAAAJVZ.jpg,https://t.co/N0oguj9xxk
"""1157104040611856389""","""1157104035415113729""",https://pbs.twimg.com/media/EA7b_VcWwAECfO0.jpg,https://t.co/71jRaP7MWA
"""1157063477132963840""","""1157063475253792769""",https://pbs.twimg.com/media/EA63GbEU0AEXIWR.jpg,https://t.co/OhqLAw6EE5
"""1156737518689234944""","""1156737507704414208""",https://pbs.twimg.com/media/EA2OonUXoAAwf2S.jpg,https://t.co/Rqx2ONd6rR
"""1156566351298908161""","""1156566338976059393""",https://pbs.twimg.com/media/EAzy9SHXkAEaRxa.jpg,https://t.co/9zqLhohGae
"""1156527426257616898""","""1146338128950677504""",https://pbs.twimg.com/media/D-icdGiXUAArRCt.jpg,https://t.co/VbkeY9rPvd
"""1156219790656266241""","""1156219784687755264""",https://pbs.twimg.com/media/EAu3xKyXoAAq-I_.jpg,https://t.co/A2DI8KVWBY
"""1154355411136499715""","""1154355406728286209""",https://pbs.twimg.com/media/EAUYIFqXUAEGLz_.jpg,https://t.co/zgHUCBn5Z8
"""1153995907295338496""","""1153995905437224966""",https://pbs.twimg.com/media/EAPRKW_XUAYDJHk.jpg,https://t.co/H5cG53YWkd
"""1153960512054390784""","""1146074296139300864""",https://pbs.twimg.com/media/D-esgAuWwAA5LnM.jpg,https://t.co/CT72J9kRKT
"""1153305768541806594""","""1153305764582318080""",https://pbs.twimg.com/media/EAFde39W4AA1H26.jpg,https://t.co/wEf3qrCvRT
"""1152936146969812992""","""1146073771532587008""",https://pbs.twimg.com/media/D-esBeaXkAAowWr.jpg,https://t.co/uVFDXEsFux
"""1152648816266555393""","""1146073771532587008""",https://pbs.twimg.com/media/D-esBeaXkAAowWr.jpg,https://t.co/uVFDXEsFux
"""1151780873748062209""","""1146073771532587008""",https://pbs.twimg.com/media/D-esBeaXkAAowWr.jpg,https://t.co/uVFDXEsFux
"""1151775066172137472""","""1151774749737062402""",https://pbs.twimg.com/media/D_vtCFNXkAIkFZC.jpg,https://t.co/79fnmcDurD
"""1151773998050611200""","""1146073771532587008""",https://pbs.twimg.com/media/D-esBeaXkAAowWr.jpg,https://t.co/uVFDXEsFux
"""1151562906682761219""","""1151562899015589888""",https://pbs.twimg.com/media/D_ssWvxX4AA4aNs.jpg,https://t.co/WqSdIYpmZ4
"""1151418344177897472""","""1151415910302932997""",https://pbs.twimg.com/media/D_qmq4JW4AUhsKo.png,https://t.co/Bzpbj5Neyb
"""1151182992712380419""","""1146073771532587008""",https://pbs.twimg.com/media/D-esBeaXkAAowWr.jpg,https://t.co/uVFDXEsFux
"""1151114260178538497""","""1146073771532587008""",https://pbs.twimg.com/media/D-esBeaXkAAowWr.jpg,https://t.co/uVFDXEsFux
"""1151043854835040256""","""1151043622537760768""",https://pbs.twimg.com/media/D_lUE4JXkAAgWaq.png,https://t.co/J1r9ViYhPa
"""1150745625870422019""","""1150745028416983042""",https://pbs.twimg.com/media/D_hEgaXXUAIo7eA.jpg,https://t.co/vDD31UtWPL
"""1150738964300619776""","""1150738959821103104""",https://pbs.twimg.com/media/D_g-_LFW4AAkgbu.jpg,https://t.co/ss4JDdNYDd
"""1150668822229200896""","""1149237774551343104""",https://pbs.twimg.com/media/D_LpqsKX4AATrSZ.jpg,https://t.co/xpljC60aFL
"""1150553421273010176""","""1150531793986043904""",https://pbs.twimg.com/media/D_eCkiNUwAA6vdh.jpg,https://t.co/JveVrFynoX
"""1150553421273010176""","""1150531793986048001""",https://pbs.twimg.com/media/D_eCkiNU0AEF24O.jpg,https://t.co/JveVrFynoX
"""1150553421273010176""","""1150531793981861889""",https://pbs.twimg.com/media/D_eCkiMU8AE737V.jpg,https://t.co/JveVrFynoX
"""1150531800826966017""","""1150531793986043904""",https://pbs.twimg.com/media/D_eCkiNUwAA6vdh.jpg,https://t.co/JveVrFynoX
"""1150531800826966017""","""1150531793986048001""",https://pbs.twimg.com/media/D_eCkiNU0AEF24O.jpg,https://t.co/JveVrFynoX
"""1150531800826966017""","""1150531793981861889""",https://pbs.twimg.com/media/D_eCkiMU8AE737V.jpg,https://t.co/JveVrFynoX
"""1150521985979625473""","""1150521974361350145""",https://pbs.twimg.com/media/D_d5o9QW4AEY9yS.jpg,https://t.co/3tSLEmtuHF
"""1150521985979625473""","""1150521968145420288""",https://pbs.twimg.com/media/D_d5omGXUAARxAV.jpg,https://t.co/3tSLEmtuHF
"""1150521985979625473""","""1150521968149573633""",https://pbs.twimg.com/media/D_d5omHWsAEU6Gd.jpg,https://t.co/3tSLEmtuHF
"""1150521985979625473""","""1150521968149618693""",https://pbs.twimg.com/media/D_d5omHXYAUxBw9.jpg,https://t.co/3tSLEmtuHF
"""1149688374120407040""","""1149688372144824320""",https://pbs.twimg.com/media/D_SDe7AW4AAjroy.jpg,https://t.co/f8T9jGuDVx
"""1149596265333710855""","""1149596262808768515""",https://pbs.twimg.com/media/D_Qvtc_VUAM5qRJ.jpg,https://t.co/ibAEEy0BJb
"""1149453441850363904""","""1149453440319414274""",https://pbs.twimg.com/media/D_Ot0FwW4AI5ObK.jpg,https://t.co/XKfxFeKIEg
"""1149306859502940160""","""1149306856713662466""",https://pbs.twimg.com/media/D_MofzRWsAIKUBL.jpg,https://t.co/c8dRWTbtx5
"""1149277215462449152""","""1149276429206675457""",https://pbs.twimg.com/media/D_MM0r-X4AEuSZw.jpg,https://t.co/FaHagVMx1m
"""1148949553468661760""","""1148949548615766016""",https://pbs.twimg.com/media/D_Hjhu4WkAAAe5V.jpg,https://t.co/YPBLG7kHuS
"""1148934906363469824""","""1148934904358592513""",https://pbs.twimg.com/media/D_HWNUxXYAEEIiW.jpg,https://t.co/6w5U6uGCVv
"""1148909735267176448""","""1146071984599683072""",https://pbs.twimg.com/media/D-eqZdkXUAAuX3T.jpg,https://t.co/MdHKVmzdJ0
"""1148578462418030592""","""1148577483048017920""",https://pbs.twimg.com/media/D_CRIqoW4AAFLsD.jpg,https://t.co/060bfCTu83
"""1148245770895839236""","""1148244932714532878""",https://pbs.twimg.com/media/D-9irsGXkA4yc-K.jpg,https://t.co/fk5i3R2sVO
"""1147895087432704000""","""1147894318583156742""",https://pbs.twimg.com/media/D-4jzQrWkAYRoLr.jpg,https://t.co/WENrF0XEUy
"""1147892382916063232""","""1147892257187618818""",https://pbs.twimg.com/media/D-4h7RYW4AIVAid.jpg,https://t.co/HdTWXV58hL
"""1147490571759603713""","""1147490569733771264""",https://pbs.twimg.com/media/D-y0l_AXkAABDEA.jpg,https://t.co/uhNvumURbD
"""1147430148398100482""","""1147430145680191490""",https://pbs.twimg.com/media/D-x9o13XsAIcz3G.jpg,https://t.co/zCC3Ywq601
"""1147328065657364480""","""1147328064231284739""",https://pbs.twimg.com/media/D-wgy61XoAMa0Dq.jpg,https://t.co/ZV8EArXZ26
"""1147139112413143040""","""1147139108319498244""",https://pbs.twimg.com/media/D-t08PNXkAQXHE3.jpg,https://t.co/qLwCTC8rml
"""1147112896926814208""","""1145952869931245568""",https://pbs.twimg.com/media/D-c-EE2XYAAWOAQ.jpg,https://t.co/NDlgfe8wQT
"""1146756014693408769""","""1146755966991515648""",https://pbs.twimg.com/media/D-oYeeiWwAAlpig.jpg,https://t.co/9Sm0MvzYVj
"""1145685620016242688""","""1145685615570235392""",https://pbs.twimg.com/media/D-ZK_0xWsAAmnyx.jpg,https://t.co/LvPVhSJyuS
"""1145672954371608576""","""1145672829041610754""",https://pbs.twimg.com/media/D-Y_XjPXkAIJMxl.png,https://t.co/Zh5BE5MNQY
"""1145637718493290497""","""1145637715150606336""",https://pbs.twimg.com/media/D-YfbpzXkAAZRXJ.jpg,https://t.co/MiQ6Er7PGa
"""1145609117618397184""","""1145608954002759680""",https://pbs.twimg.com/media/D-YFRiLXYAAeyO3.jpg,https://t.co/U0U2wiI6r3
